Neighborhood,Price,Bedrooms,Bathrooms,House Size,Year Built,Lot Size,Description,Neighborhood Description
Chelsea,"$1,250,000",3,2.5,"1,800 sqft",2015,"2,500 sqft","This stunning modern townhouse in Chelsea features an open-concept living space with floor-to-ceiling windows that flood the home with natural light. The gourmet kitchen is equipped with stainless steel appliances, quartz countertops, and a breakfast bar. The spacious master suite includes an en-suite bathroom with dual vanities and a walk-in shower. Enjoy outdoor living with a private backyard and a terrace perfect for entertaining.","Chelsea is a vibrant neighborhood known for its art galleries, trendy boutiques, and a diverse culinary scene. Located near the Hudson River, residents enjoy beautiful waterfront parks, convenient access to public transportation, and a rich cultural life including the famous Chelsea Market and the High Line."
Chelsea,"$1,200,000",3,2.5,"1,800 sqft",2018,"2,200 sqft","Welcome to this modern townhouse located in the heart of Chelsea. This stunning 3-bedroom, 2.5-bathroom home features an open floor plan with abundant natural light, gourmet kitchen with stainless steel appliances, and a spacious living area perfect for entertaining. The master suite boasts a luxurious en-suite bathroom and a private terrace, while the additional bedrooms provide ample space and comfort. Enjoy the convenience of a private garage and energy-efficient systems throughout the home.","Chelsea is a vibrant and artistic neighborhood known for its eclectic mix of galleries, trendsetting boutiques, and diverse dining options. With easy access to the High Line and Hudson River Park, residents can enjoy scenic views and outdoor activities. The area is well-connected by public transportation, making it ideal for both work and leisure. Chelsea's lively atmosphere, combined with its proximity to the city’s cultural hotspots, makes it one of Manhattan’s most desirable places to live."
Chelsea,"$1,200,000",3,2.5,"1,800 sqft",2015,"2,500 sqft","This stunning modern townhouse in the heart of Chelsea features an open-concept layout with high-end finishes throughout. The spacious living room is perfect for entertaining, while the gourmet kitchen boasts stainless steel appliances, quartz countertops, and a large island. Enjoy the luxurious master suite with a private balcony and spa-like ensuite bathroom. Additional features include a dedicated home office, ample storage, and a private backyard ideal for outdoor gatherings.","Chelsea is a vibrant and eclectic neighborhood known for its art galleries, chic boutiques, and trendy restaurants. Conveniently located near public transportation, Chelsea offers a mix of historic charm and modern conveniences, making it a sought-after area for both families and young professionals. The beautiful parks and riverside promenades provide a perfect backdrop for outdoor activities."
Chelsea,"$1,200,000",3,2.5,"1,800 sqft",2015,"2,500 sqft","Welcome to your dream home in the heart of Chelsea! This stunning 3-bedroom, 2.5-bathroom contemporary townhouse features an open-concept floor plan, high ceilings, and abundant natural light. The modern kitchen is equipped with stainless steel appliances, granite countertops, and custom cabinetry. Step outside to a private patio, perfect for entertaining or relaxing. The master suite boasts a luxurious en-suite bathroom and a spacious walk-in closet. Additional highlights include hardwood flooring throughout, energy-efficient systems, and a secure garage.","Chelsea is a vibrant and artistic neighborhood known for its lively atmosphere, diverse dining options, and rich cultural scene. Enjoy nearby parks, art galleries, and boutique shops, all within walking distance. With easy access to public transportation and major highways, Chelsea offers both convenience and charm for city living."
Midtown,"$850,000",3,2.5,"2,200 sqft",2015,"4,500 sqft","This modern 3-bedroom, 2.5-bathroom home in the heart of Midtown features an open-concept layout with abundant natural light. The spacious kitchen boasts stainless steel appliances and a large island, perfect for entertaining. The master suite includes a walk-in closet and a luxurious ensuite bathroom. Enjoy outdoor living in the beautifully landscaped backyard with a patio for summer gatherings.","Midtown is a vibrant and diverse neighborhood known for its eclectic mix of restaurants, shops, and cultural attractions. Residents appreciate the walkability of the area, with parks and local markets just a stone's throw away. The Midtown community hosts various events throughout the year, making it a friendly and welcoming place to call home."
Midtown,"$950,000",4,3,"3,200 sqft",2015,"6,000 sqft","Welcome to your dream home in the heart of Midtown! This stunning 4-bedroom, 3-bathroom property boasts an open floor plan with a spacious living area, gourmet kitchen with stainless steel appliances, and a luxurious master suite with a walk-in closet. Enjoy the natural light pouring in through large windows and relax in your beautifully landscaped backyard, perfect for entertaining. The home also features hardwood floors throughout, a cozy fireplace, and energy-efficient systems.","Midtown is a vibrant and eclectic neighborhood known for its rich cultural scene, trendy shops, and diverse dining options. Residents enjoy easy access to parks, art galleries, and community events. With a mix of historic and modern architecture, Midtown offers a unique urban living experience while still providing a strong sense of community."
Midtown,"$1,200,000",4,3.5,"3,200 sqft",2015,"6,000 sqft","This stunning modern home in Midtown boasts an open-concept layout featuring a spacious living room with large windows that flood the space with natural light. The gourmet kitchen is equipped with stainless steel appliances, granite countertops, and an island perfect for entertaining. The master suite includes a luxurious en-suite bathroom and a walk-in closet. Step outside to a beautifully landscaped backyard, complete with a patio for outdoor dining and relaxation.","Midtown is a vibrant and sought-after neighborhood known for its eclectic mix of dining, shopping, and cultural attractions. Residents enjoy tree-lined streets, parks, and a strong sense of community. With convenient access to public transportation and major highways, Midtown offers the perfect blend of urban convenience and suburban comfort, making it an ideal place to call home."
Midtown,"$850,000",3,2.5,"2,000 sqft",2015,"4,500 sqft","This beautifully designed 3-bedroom, 2.5-bathroom home features an open floor plan with modern finishes and ample natural light. The spacious kitchen boasts stainless steel appliances and quartz countertops, perfect for entertaining. The master suite includes a walk-in closet and an en-suite bathroom with double sinks. Enjoy the private backyard with a patio area, ideal for outdoor gatherings.","Midtown is a vibrant and trendy area known for its mix of residential homes, boutiques, and restaurants. With tree-lined streets and a strong sense of community, residents enjoy easy access to parks, cultural attractions, and public transportation. Midtown offers a dynamic lifestyle with a rich variety of entertainment options, making it a sought-after location for families and young professionals alike."
Greenpoint,"$1,200,000",3,2.5,"1,800 sqft",2015,"2,000 sqft","This stunning modern townhouse in Greenpoint features an open-concept living area, bright and airy bedrooms, and a beautifully landscaped backyard. The stylish kitchen is equipped with stainless steel appliances and quartz countertops, perfect for entertaining. The master suite includes a private bathroom with a soaking tub and walk-in shower. Enjoy the convenience of in-unit laundry and ample storage throughout. The home also boasts energy-efficient systems and smart home technology.","Greenpoint is a charming neighborhood known for its vibrant arts scene, historic architecture, and proximity to both nature and urban amenities. With a mix of trendy cafes, boutique shops, and waterfront parks, residents enjoy a unique blend of community spirit and modern living. The area is well-connected by public transportation, making it easy to explore the greater Brooklyn and Manhattan areas."
Greenpoint,"$1,200,000",3,2.5,"1,800 sqft",2015,"2,500 sqft","This modern 3-bedroom, 2.5-bathroom home offers a spacious open floor plan and contemporary finishes throughout. The gourmet kitchen features stainless steel appliances, quartz countertops, and a large island perfect for entertaining. Enjoy the private backyard oasis with lush landscaping and a patio area for outdoor dining. The master suite includes a luxurious en-suite bathroom and ample closet space.","Greenpoint is a vibrant neighborhood known for its rich history and trendy atmosphere. With a mix of quaint boutiques, artisanal coffee shops, and diverse restaurants, there's something for everyone. The area boasts beautiful waterfront parks with stunning views of the Manhattan skyline, making it a perfect spot for relaxation and recreation. Greenpoint's strong sense of community and convenient transportation options make it one of Brooklyn's most desirable places to live."
Williamsburg,"$1,200,000",3,2.5,"1,800 sqft",2015,"3,000 sqft","This stunning modern home in Williamsburg offers a perfect blend of comfort and style. With 3 spacious bedrooms and 2.5 bathrooms, the open-concept living area features high ceilings, large windows, and beautiful hardwood floors. The chef's kitchen boasts stainless steel appliances, quartz countertops, and a convenient island for entertaining. Step outside to the private backyard oasis, perfect for summer barbecues or relaxing evenings.","Williamsburg is a vibrant neighborhood known for its artistic flair, eclectic shops, and trendy restaurants. Enjoy the lively atmosphere with nearby parks, cultural events, and easy access to public transportation. This area is perfect for those looking to experience the dynamic lifestyle of Brooklyn while still being close to Manhattan."
Williamsburg,"$1,200,000",3,2.5,"1,800 sqft",2015,"2,500 sqft","This stunning modern home in the heart of Williamsburg features an open-concept layout, hardwood floors, and large windows that flood the space with natural light. The gourmet kitchen boasts stainless steel appliances, granite countertops, and a spacious island perfect for entertaining. The master suite includes an en-suite bathroom with a luxurious soaking tub and separate shower. Enjoy outdoor living in the private backyard with a patio area, ideal for summer barbecues.","Williamsburg is a vibrant and artistic neighborhood known for its eclectic mix of culture, food, and art. Enjoy trendy cafes, boutique shops, and a lively nightlife scene along Bedford Avenue. The area is also home to beautiful parks, riverside views, and convenient access to public transportation, making it a desirable location for both families and young professionals."
Williamsburg,"$1,200,000",3,2.5,"1,800 sqft",2010,"2,000 sqft","This modern 3-bedroom, 2.5-bathroom townhome in the heart of Williamsburg features an open-concept living space, perfect for entertaining. The gourmet kitchen boasts stainless steel appliances and a large island. The master suite includes an en-suite bathroom with double vanities and a walk-in closet. Enjoy the private backyard oasis, ideal for summer barbecues and relaxing evenings. The home is flooded with natural light and includes energy-efficient windows.","Williamsburg is a vibrant neighborhood known for its artistic community, trendy cafes, and eclectic shops. With easy access to public transportation, residents can enjoy a quick commute to Manhattan. The area is also home to numerous parks and waterfront spaces, providing ample outdoor activities. Williamsburg's cultural scene is thriving, with frequent art events, music festivals, and a diverse culinary landscape."
Williamsburg,"$1,250,000",4,3.5,"2,800 sqft",2015,"4,500 sqft","This stunning modern home in the heart of Williamsburg features an open-concept layout with high ceilings and large windows that flood the space with natural light. The gourmet kitchen boasts stainless steel appliances, quartz countertops, and a spacious island, perfect for entertaining. The master suite offers a private balcony and a luxurious en-suite bathroom with a soaking tub and walk-in shower. Enjoy the beautifully landscaped backyard, ideal for summer barbecues and relaxing evenings.","Williamsburg is a vibrant neighborhood known for its artistic culture, trendy boutiques, and diverse dining options. With an active community that hosts regular events, farmers' markets, and festivals, there's always something to explore. The area is well-connected by public transport and provides easy access to the waterfront, parks, and recreational activities, making it a perfect place for families and young professionals alike."
Williamsburg,"$1,200,000",3,2.5,"1,800 sqft",2015,"3,000 sqft","Modern townhouse in the heart of Williamsburg featuring an open-concept living area, gourmet kitchen with stainless steel appliances, and a spacious rooftop terrace with stunning skyline views. The master suite includes a walk-in closet and en-suite bathroom. Additional highlights include hardwood floors, central air conditioning, and ample natural light throughout.","Williamsburg is a vibrant and trendy neighborhood known for its artistic culture, eclectic dining options, and lively nightlife. Enjoy easy access to public transportation, beautiful waterfront parks, boutique shopping, and a thriving community of artists and creatives."
SoHo,"$3,200,000",3,2.5,"1,800 sqft",1900,"2,000 sqft","This stunning 3-bedroom, 2.5-bathroom loft-style apartment in the heart of SoHo features soaring ceilings, expansive windows that flood the space with natural light, and exquisite original details. The open-concept living area is perfect for entertaining, complete with a chef's kitchen equipped with high-end appliances. The master suite boasts an en-suite bath with a soaking tub and a separate shower. Enjoy private outdoor space, ideal for city living.","SoHo, short for 'South of Houston Street', is a vibrant neighborhood known for its trendy shops, art galleries, and historic cast-iron architecture. The area is a cultural hub, offering a plethora of dining options, cafes, and nightlife. With excellent public transport connectivity and proximity to downtown Manhattan, SoHo is a sought-after location for those who appreciate a lively urban lifestyle."
SoHo,"$2,500,000",3,2.5,"1,800 sqft",1900,"1,200 sqft","This stunning 3-bedroom, 2.5-bathroom loft in the heart of SoHo features high ceilings, large windows, and beautiful hardwood floors throughout. The spacious open-concept living area is perfect for entertaining, with a modern kitchen equipped with top-of-the-line appliances and granite countertops. The master suite includes an en-suite bathroom with luxurious finishes, while two additional bedrooms offer ample space for family or guests. Enjoy city views from your private terrace, and take advantage of the building's amenities, including a 24-hour doorman and fitness center.","SoHo, short for South of Houston Street, is one of New York City's most vibrant neighborhoods, renowned for its distinctive cast-iron architecture and artistic heritage. With a mix of high-end boutiques, art galleries, and trendy restaurants, SoHo offers a unique urban lifestyle. The area is conveniently located near public transportation, making it easy to explore the rest of NYC. Whether you're strolling down cobblestone streets or enjoying a meal at one of the many acclaimed eateries, SoHo exudes a chic, creative atmosphere that is hard to resist."
SoHo,"$1,850,000",2,2,"1,200 sqft",1900,N/A,"This stunning 2-bedroom, 2-bath loft-style apartment in the heart of SoHo boasts high ceilings, oversized windows, and beautiful hardwood floors throughout. The spacious living area is perfect for entertaining, while the modern kitchen features stainless steel appliances and quartz countertops. The master suite includes an ensuite bathroom with luxurious finishes, and ample closet space. Enjoy the convenience of in-unit laundry and a private terrace that offers breathtaking city views.","SoHo, known for its cobblestone streets and cast-iron architecture, is a vibrant neighborhood famous for its art galleries, high-end boutiques, and trendy cafes. This area attracts both locals and tourists with its eclectic mix of culture and commerce, making it an exciting place to live. SoHo is also conveniently located near several subway lines, providing easy access to the rest of Manhattan."
SoHo,"$2,500,000",3,2.5,"1,800 sqft",1900,"1,200 sqft","This stunning 3-bedroom, 2.5-bathroom loft in the heart of SoHo offers a perfect blend of historic charm and modern luxury. Featuring high ceilings, exposed brick walls, and large windows that flood the space with natural light, this property is a true urban oasis. The open-concept living area is perfect for entertaining, complete with a gourmet kitchen equipped with stainless steel appliances and a spacious island. The master suite boasts an en-suite bathroom with double vanities and a soaking tub. Enjoy the convenience of in-unit laundry, central air, and a private terrace for outdoor relaxation.","SoHo, short for South of Houston Street, is renowned for its vibrant artistic culture, high-end shopping, and trendy dining options. The cobblestone streets are lined with historic cast-iron buildings that house art galleries, boutiques, and upscale restaurants. Residents enjoy a dynamic lifestyle with easy access to public transportation, parks, and cultural events, making SoHo one of New York City's most desirable neighborhoods."
SoHo,"$2,500,000",2,2.5,"1,800 sqft",1900,N/A,"This stunning SoHo loft features an open-concept layout with soaring 12-foot ceilings and oversized windows that bathe the space in natural light. The gourmet kitchen is equipped with top-of-the-line stainless steel appliances, sleek cabinetry, and a large island, perfect for entertaining. The master suite boasts an en-suite bath with luxurious finishes, while the second bedroom is spacious and inviting. Enjoy the convenience of in-unit laundry and ample storage throughout.","SoHo, short for 'South of Houston Street', is a vibrant and artistic neighborhood in Lower Manhattan, known for its cast-iron buildings, cobblestone streets, and trendy boutiques. It is a cultural hub that offers a mix of art galleries, upscale shopping, and renowned restaurants. The area is also well-connected to public transportation, making it easy to explore the rest of New York City."
